protein Names ,Cell target ,RNA sequence,Paper research Link
Nanog,neurone," MSVDPACPQS LPCFEASDCK ESSPMPVICG PEENYPSLQM SSAEMPHTET VSPLPSSMDL
     LIQDSPDSST SPKGKQPTSA EKSVAKKEDK VPVKKQKTRT VFSSTQLCVL NDRFQRQKYL
     SLQQMQELSN ILNLSYKQVK TWFQNQRMKS KRWQKNNWPK NSNGVTQKAS APTYPSLYSS
     YHQGCLVNPT GNLPMWSNQT WNNSTWSNQT QNIQSWSNHS WNTQTWCTQS WNNQAWNSPF
     YNCGEESLQS CMQFQPNSPA SDLEAALEAA GEGLNVIQQT TRYFSTPQTM DLFLNYSMNM
     QPEDV","Functional Expression Cloning of Nanog, a Pluripotency Sustaining Factor in Embryonic Stem Cells"
Oct4 (POU5F1),neurone,"     MSVDPACPQS LPCFEASDCK ESSPMPVICG PEENYPSLQM SSAEMPHTET VSPLPSSMDL
     LIQDSPDSST SPKGKQPTSA EKSVAKKEDK VPVKKQKTRT VFSSTQLCVL NDRFQRQKYL
     SLQQMQELSN ILNLSYKQVK TWFQNQRMKS KRWQKNNWPK NSNGVTQKAS APTYPSLYSS
     YHQGCLVNPT GNLPMWSNQT WNNSTWSNQT QNIQSWSNHS WNTQTWCTQS WNNQAWNSPF
     YNCGEESLQS CMQFQPNSPA SDLEAALEAA GEGLNVIQQT TRYFSTPQTM DLFLNYSMNM
     QPEDV",
Sox2,neurone," MYNMMETELK PPGPQQTSGG GGGNSTAAAA GGNQKNSPDR VKRPMNAFMV WSRGQRRKMA
     QENPKMHNSE ISKRLGAEWK LLSETEKRPF IDEAKRLRAL HMKEHPDYKY RPRRKTKTLM
     KKDKYTLPGG LLAPGGNSMA SGVGVGAGLG AGVNQRMDSY AHMNGWSNGS YSMMQDQLGY
     PQHPGLNAHG AAQMQPMHRY DVSALQYNSM TSSQTYMNGS PTYSMSYSQQ GTPGMALGSM
     GSVVKSEASS SPPVVTSSSH SRAPCQAGDL RDMISMYLPG AEVPEPAAPS RLHMSQHYQS
     GPVPGTAING TLPLSHM",Multipotent cell lineages in early mouse development depend on SOX2 function - PMC
Ngn2 (Neurogenin 2),neurone," MFVKSETLEL KEEEDVLVLL GSASPALAAL TPLSSSADEE EEEEPGASGG ARRQRGAEAG
     QGARGGVAAG AEGCRPARLL GLVHDCKRRP SRARAVSRGA KTAETVQRIK KTRRLKANNR
     ERNRMHNLNA ALDALREVLP TFPEDAKLTK IETLRFAHNY IWALTETLRL ADHCGGGGGG
     LPGALFSEAV LLSPGGASAA LSSSGDSPSP ASTWSCTNSP APSSSVSSNS TSPYSCTLSP
     ASPAGSDMDY WQPPPPDKHR YAPHLPIARD CI","Identification of neurogenin, a Vertebrate Neuronal Determination Gene: Cell"
Pax6,neurone/yeux,"MQNSHSGVNQ LGGVFVNGRP LPDSTRQKIV ELAHSGARPC DISRILQVSN GCVSKILGRY
     YETGSIRPRA IGGSKPRVAT PEVVSKIAQY KRECPSIFAW EIRDRLLSEG VCTNDNIPSV
     SSINRVLRNL ASEKQQMGAD GMYDKLRMLN GQTGSWGTRP GWYPGTSVPG QPTQDGCQQQ
     EGGGENTNSI SSNGEDSDEA QMRLQLKRKL QRNRTSFTQE QIEALEKEFE RTHYPDVFAR
     ERLAAKIDLP EARIQVWFSN RRAKWRREEK LRNQRRQASN TPSHIPISSS FSTSVYQPIP
     QPTTPVSSFT SGSMLGRTDT ALTNTYSALP PMPSFTMANN LPMQPPVPSQ TSSYSCMLPT
     SPSVNGRSYD TYTPPHMQTH MNSQPMGTSG TTSTGLISPG VSVPVQVPGS EPDMSQYWPR
     LQ",Pax6; a pleiotropic player in development
Nestin,neurone," MEGCMGEESF QMWELNRRLE AYLARVKALE EQNELLSAEL GGLRAQSADT SWRAHADDEL
     AALRALVDQR WREKHAAEVA RDNLAEELEG VAGRCQQLRL ARERTTEEVA RNRRAVEAEK
     CARAWLSSQV AELERELEAL RVAHEEERVG LNAQAACAPR CPAPPRGPPA PAPEVEELAR
     RLGEAWRGAV RGYQERVAHM ETSLGQARER LGRAVQGARE GRLELQQLQA ERGGLLERRA
     ALEQRLEGRW QERLRATEKF QLAVEALEQE KQGLQSQIAQ VLEGRQQLAH LKMSLSLEVA
     TYRTLLEAEN SRLQTPGGGS KTSLSFQDPK LELQFPRTPE GRRLGSLLPV LSPTSLPSPL
     PATLETPVPA FLKNQEFLQA RTPTLASTPI PPTPQAPSPA VDAEIRAQDA PLSLLQTQGG
     RKQAPEPLRA EARVAIPASV LPGPEEPGGQ RQEASTGQSP EDHASLAPPL SPDHSSLEAK
     DGESGGSRVF SICRGEGEGQ IWGLVEKETA IEGKVVSSLQ QEIWEEEDLN RKEIQDSQVP
     LEKETLKSLG EEIQESLKTL ENQSHETLER ENQECPRSLE EDLETLKSLE KENKELLKDV
     EVVRPLEKEA VGQLKPTGKE DTQTLQSLQK ENQELMKSLE GNLETFLFPG TENQELVSSL
     QENLESLTAL EKENQEPLRS PEVGDEEALR PLTKENQEPL RSLEDENKEA FRSLEKENQE
     PLKTLEEEDQ SIVRPLETEN HKSLRSLEEQ DQETLRTLEK ETQQRRRSLG EQDQMTLRPP
     EKVDLEPLKS LDQEIARPLE NENQEFLKSL KEESVEAVKS LETEILESLK SAGQENLETL
     KSPETQAPLW TPEEINQGAM NPLEKEIQEP LESVEVNQET FRLLEEENQE SLRSLGAWNL
     ENLRSPEEVD KESQRNLEEE ENLGKGEYQE SLRSLEEEGQ ELPQSADVQR WEDTVEKDQE
     LAQESPPGMA GVENEDEAEL NLREQDGFTG KEEVVEQGEL NATEEVWIPG EGHPESPEPK
     EQRGLVEGAS VKGGAEGLQD PEGQSQQVGA PGLQAPQGLP EAIEPLVEDD VAPGGDQASP
     EVMLGSEPAM GESAAGAEPG PGQGVGGLGD PGHLTREEVM EPPLEEESLE AKRVQGLEGP
     RKDLEEAGGL GTEFSELPGK SRDPWEPPRE GREESEAEAP RGAEEAFPAE TLGHTGSDAP
     SPWPLGSEEA EEDVPPVLVS PSPTYTPILE DAPGPQPQAE GSQEASWGVQ GRAEALGKVE
     SEQEELGSGE IPEGPQEEGE ESREESEEDE LGETLPDSTP LGFYLRSPTS PRWDPTGEQR
     PPPQGETGKE GWDPAVLASE GLEAPPSEKE EGEEGEEECG RDSDLSEEFE DLGTEAPFLP
     GVPGEVAEPL GQVPQLLLDP AAWDRDGESD GFADEEESGE EGEEDQEEGR EPGAGRWGPG
     SSVGSLQALS SSQRGEFLES DSVSVSVPWD DSLRGAVAGA PKTALETESQ DSAEPSGSEE
     ESDPVSLERE DKVPGPLEIP SGMEDAGPGA DIIGVNGQGP NLEGKSQHVN GGVMNGLEQS
     EEVGQGMPLV SEGDRGSPFQ EEEGSALKTS WAGAPVHLGQ GQFLKFTQRE GDRESWSSGE
     D",Isolation of Neural Stem Cells from Whole Brain Tissues of Adult Mice - PMC
Brachyury,muscle / os tissu ," MSSPGTESAG KSLQYRVDHL LSAVENELQA GSEKGDPTER ELRVGLEESE LWLRFKELTN
     EMIVTKNGRR MFPVLKVNVS GLDPNAMYSF LLDFVAADNH RWKYVNGEWV PGGKPEPQAP
     SCVYIHPDSP NFGAHWMKAP VSFSKVKLTN KLNGGGQIML NSLHKYEPRI HIVRVGGPQR
     MITSHCFPET QFIAVTAYQN EEITALKIKY NPFAKAFLDA KERSDHKEMM EEPGDSQQPG
     YSQWGWLLPG TSTLCPPANP HPQFGGALSL PSTHSCDRYP TLRSHRSSPY PSPYAHRNNS
     PTYSDNSPAC LSMLQSHDNW SSLGMPAHPS MLPVSHNASP PTSSSQYPSL WSVSNGAVTP
     GSQAAAVSNG LGAQFFRGSP AHYTPLTHPV SAPSSSGSPL YEGAAAATDI VDSQYDAAAQ
     GRLIASWTPV SPPSM",T-box Genes in Early Embryogenesis - PMC
GATA4,coeur," MYQSLAMAAN HGPPPGAYEA GGPGAFMHGA GAASSPVYVP TPRVPSSVLG LSYLQGGGAG
     SASGGASGGS SGGAASGAGP GTQQGSPGWS QAGADGAAYT PPPVSPRFSF PGTTGSLAAA
     AAAAAAREAA AYSSGGGAAG AGLAGREQYG RAGFAGSYSS PYPAYMADVG ASWAAAAAAS
     AGPFDSPVLH SLPGRANPAA RHPNLDMFDD FSEGRECVNC GAMSTPLWRR DGTGHYLCNA
     CGLYHKMNGI NRPLIKPQRR LSASRRVGLS CANCQTTTTT LWRRNAEGEP VCNACGLYMK
     LHGVPRPLAM RKEGIQTRKR KPKNLNKSKT PAAPSGSESL PPASGASSNS SNATTSSSEE
     MRPIKTEPGL SSHYGHSSSV SQTFSVSAMS GHGPSIHPVL SALKLSPQGY ASPVSQSPQT
     SSKQDSWNSL VLADSHGDII TA",Myocardial molecular biology: an introduction - PMC
Sox17,poumon/ foie/ pancr√©as," MSSPDAGYAS DDQSQTQSAL PAVMAGLGPC PWAESLSPIG DMKVKGEAPA NSGAPAGAAG
     RAKGESRIRR PMNAFMVWAK DERKRLAQQN PDLHNAELSK MLGKSWKALT LAEKRPFVEE
     AERLRVQHMQ DHPNYKYRPR RRKQVKRLKR VEGGFLHGLA EPQAAALGPE GGRVAMDGLG
     LQFPEQGFPA GPPLLPPHMG GHYRDCQSLG APPLDGYPLP TPDTSPLDGV DPDPAFFAAP
     MPGDCPAAGT YSYAQVSDYA GPPEPPAGPM HPRLGPEPAG PSIPGLLAPP SALHVYYGAM
     GSPGAGGGRG FQMQPQHQHQ HQHQHHPPGP GQPSPPPEAL PCRDGTDPSQ PAELLGEVDR
     TEFEQYLHFV CKPEMGLPYQ GHDSGVNLPD SHGAISSVVS DASSAVYYCN YPDV",Depletion of definitive gut endoderm in Sox17-null mutant mice | Development | The Company of Biologists
Runx1,Sang," MRIPVDASTS RRFTPPSTAL SPGKMSEALP LGAPDAGAAL AGKLRSGDRS MVEVLADHPG
     ELVRTDSPNF LCSVLPTHWR CNKTLPIAFK VVALGDVPDG TLVTVMAGND ENYSAELRNA
     TAAMKNQVAR FNDLRFVGRS GRGKSFTLTI TVFTNPPQVA TYHRAIKITV DGPREPRRHR
     QKLDDQTKPG SLSFSERLSE LEQLRRTAMR VSPHHPAPTP NPRASLNHST AFNPQPQSQM
     QDTRQIQPSP PWSYDQSYQY LGSIASPSVH PATPISPGRA SGMTTLSAEL SSRLSTAPDL
     TAFSDPRQFP ALPSISDPRM HYPGAFTYSP TPVTSGIGIG MSAMGSATRY HTYLPPPYPG
     SSQAQGGPFQ ASSPSYHLYY GASAGSYQFS MVGGERSPPR ILPPCTNAST GSALLNPSLP
     NQSDVVEAEG SHSNSPTNMA PSARLEEAVW RPY",Expression pattern of Runt-related transcription factor (RUNX) family members and the role of RUNX1 during kidney development - ScienceDirect
LIF (Leukemia Inhibitory Factor),,"MKVLAAGVVP LLLVLHWKHG AGSPLPITPV NATCAIRHPC HNNLMNQIRS QLAQLNGSAN
     ALFILYYTAQ GEPFPNNLDK LCGPNVTDFP PFHANGTEKA KLVELYRIVV YLGTSLGNIT
     RDQKILNPSA LSLHSKLNAT ADILRGLLSN VLCRLCSKYH VGHVDVTYGP DTSGKDVFQK
     KKLGCQLLGK YKQIIAVLAQ AF",https://www.ncbi.nlm.nih.gov/pmc/articles/PMC4802755/
Concanavalin A-like lectin/glucanase,,"MTPQIPLLTTILSTLLLSLSLSLPTLAHTTPSPLTPRCTNALRNPGFETSQISPWLDMVS
GSWSKRSISTSPNPYPAHSGSKFYYAHSNATHMTSTLTLAQSYFELRTGDRVRCGAWVRG
QRPTGTTRVQVWLDAAACGGEVLLTAATNGNAWMWVGGQAVVRDVMGGVGHSVAVTLQGE
GVRASEGWSVAVDDVSVGVGC",
Death-associated protein kinase related,,"MQPPRQSTKRGLLIESNSGITDQQLNELIHQTEQITDHYDLDKDYFARGKFAHVRRIKHK
KTGLHYAAKTIKKRRLRVGDVTDEIKHEIRVLISSENCPYIVKLQEVYETKTDFTLVLEL
AEGGELQQILDEHDTIDEYQCQKLIREIIVGIDFLHRKRIAHLDIKPQNILLKKSLLEGG
HVKLCDFGISRLIENDFEIREIMGTTDYMPPEILQYDPITTAADMWSIGIVTYVLLSGHS
PFGDDDKVQTYSNITSSDLEFPENIFDRVSEQAKDFIRKLLVRDPKKRMNCEECLEHEWL
MIDKIPSEIKSSISNEKEDYISLTSDFDADDEEKNIDSDSDEAKSNIIMTSSSSSSSSSS
SSSSMTFSSLDDISSSYDCCDSSGNNAESEEKIIENNDRDELFDNAKCCDSGLEDQICDS
LKQIKSDPSRLFSLENQQNLQNETKSFVPIEIISTFDENKENHQEPMEVKKDQNQKSSES
CNRCSNNLHNIISNKHHKRLSSDILPDRKLVAFVSQSLLSTKKFTSECSMSPNDDDVKLF
DATQSFTNDHRSTKAFEITSVPGLVIENGSDSNTMRMQYNDNSPPSTPNKKFYLSVDDYD
FCFGDYLKSSLSSSLIRTENERQTRRIRSVSMELLNRDFSGQQTTTTSAVSHPSFANDQY
HQSLGSFSSSYNSHSTIPLATIETITTSETIFEKSSDVFQTNPTRISSTTTTHFVRASPT
SSSTLTVIDDKSDCRLEVVNNDQNGNVSATFQIKLNPVKT",
Rhodopsin domain-containing protein,,MASNDVDEVTFVALLWVCLAISLFFVLTRLSFQYYLNRQLMIADILVLAAWLLYLGNAIIWTAVYKQMYPIYALSIGTIDSWNIPTDIAWAEKRYLRAQLAGYLISYSSLWLIKLSFLFFFRKLGNHYRAQRILWWAVLMLVIIAYGVTLSILDYACMMMRCKNPHAMWLERVNLRVATAMDIVSDVAIIILSGNVMWRVHISLSKKLALIGISFLTAFIIVIALVRFLLSVSGNGFLNPEWMAVWNAIEICVGESYMSM,
Helicase ARIP4,,"MRKNIRKLLKENQLEAGTKAAQQEEMDRRKRLEQQRKDFPTAASTVPDSQLVDTDSILGE
VSQLAPALLSQQDVICLDSSDDEDEQVDSKPVLAIRDDIIELSSGDEDTLQISSESTDED
ADGTAASEESSGAHINDAMNLPDAQGQVLVNISHPAEEKDLYLAPQLARAVKPHQIGGIR
FLYDNLIESLERYKTSTGFGCILAHSMGLGKTLQVISFTDILLKNTEAHTMLVIVPVNTL
QNWLTEFNLWLPPQETLPPDTDPAVATGRTFKVHILNDEHKTTLARAKVVEEWSRDGGVL
LMGYEMYRLLSMKKSFVMGKKRKSKKPAGPIIIDLDEEDRQQELMKGIERAIVRPGPDVV
ICDEGHRIKNYHASTSQALKNIRSRRRVVLTGYPLQNNLIEYWCMVDFVRPDFLGTRQEF
SNMFERPILNGQCVDSTPQDGRLMRYRSHVLHSLLEGFVQRRGHDVLRDQLPSKDEHVIL
VRLSPIQRALYTEFMKRFREAGNSGWLGLNPLKAFCVCCKIWNHPDVLYEALQKENSANE
QDLDLDGITPASNARCPNPAGLKAKAADSSNSKVNNALPSLNPSQERANQVITYEWAKGI
MANYHTGVLENSAKMILLFHLIDESVRKRDKLLIFRAGCLGVNLIGANRVVVFDASWNPC
HDAQAVCRVYRYGQRKPCHIYRFVCDFTLEKKIYDRQVSKQGMSDRVVDDLNPVLNFTRK
EVDSLLHFVEEEPERMSLECPDEFEIVMYQACQLYPHLITKQPFPHESLLVDRKESKLTK
AEKRAAKKSYEDEKRASVPYSRPSYAPYYPTSDQTLTNIPAFNQRGWRPMARPDDKPVAS
VRPIQSTPIPMMPRQAGMAGSSSAGSLPVNFLQKAGVYVQRIVTTTDIVIPGANSTTDVQ
ARISAGESIHVIRGSKGTYIRTNDGRIFAIRSGKISRPAVGGSAASMDTQGSLIHPLGNG
CSSPVDPQQGSPNGEQRPSSPLSSEILRELSRYASSSGDAAAAMGNEVPSPSEMLALTAG
SEGALQNNQPGDLNRQLSDDLLSSALEMRGSKRRSTEGQGNAHMGSKRTSAAGRFPGLSM
GSGGLGFSPASLNSSSLLGNMGHMGHPLLMGGGSGSSFLQTTGQTLADLQTMFPSAGSDL
LRQSATGNGHLPAPSSSAMSTGFSSASTTPPMASTPSAATSSSLASGSLPPYMMNPNMAG
LLSSGFPLNYSQSLLSEPRMFPTPLLSGSGGFPTPNSSSTPSSFRSHFNNPTSSLLGAAL
TQPDMHQSAENGGSSSDDDVIEVMGQ",
RAD54 like 2,,"MSEEAISESDLEPSLNSEEEYSENEEEEDNEDMEEDEDENDGDDEEDDSVGEKLLKEDQL
EAGTKAAQQEEMDRRKRLEQQRKEFPTPASTVPDSQLGDCPPLSVKLHLPVILKQDVICL
DSSGDEDEKVDPKLPSLAIRDDIIELSSGDEDALQISSESAEEDADGTAASEESSGAHIN
DAMNLPDAQGRVLVNIGHPAEEKDIYLAPQLAKAVKPHQIGGIRFLYDNLIESLERYKTS
SGFGCILAHSMGLGKTLQVISFTDILLKNTEAHTVLAIVPVNTLQNWLTEFNLWLPPQES
LSPDTDPAFVTGRTFKVHILNDEHKTTLARAKVVEHWSRDGGVLLMGYEMYRLLSMKKSF
VMGKKRKSKKPAGPIIIDLDEEDRQQELMKGIERAIARPGPDVVICDEGHRIKNYHASTS
QALKNIRSRRRVVLTGYPLQNNLIEYWCMVDFVRPDFLGTRQEFSNMFERPILNGQCVDS
TPQDVRLMRYRSHVLHSLLEGFVQRRGHDVLRDQLPSKEEHVILVRLSPIQRALYTEFMK
RFREAGNSGWLGLNPLKAFCVCCKIWNHPDVLYEALQKENQANEQDLDLDDITSTSNSRC
PAPGSGLKAKVADSSNSKGNNTLPPLNHSQERANQVITYEWAKGIMSNYSTGVLENSAKM
ILLFHLIDDSVGRRDKILVFSQSLSTLTVIEDFLSKRAMPKGIASSDAQSQNWVRNLNYY
RLDGSTSASERERLINQFNDPENSTTWVFLLSTRAGCLGVNLIGANRVVVFDASWNPCHD
AQAVCRVYRYGQRKPCYIYRLVCDFTLEKKIYDRQVSKQGMSDRVVDDLNPVLNFTRKEV
ESLLHFVEEEPDKISLESRGDFEIVMYTACQLYPHLITKQPFHHESLLVDRKESKLTKAE
KRAAKKSYEDEKRASVPYSRPSYAPYYPTSDQALTNIPAFNQRGWRPMARPDDKPVASVR
PIQSTPIPMMPRQVGMGMAGSSSAGSLPVNFLQKAGVYVQRIVTTTDIVIPGANSTTDVQ
ARISAGESIHVIRGSKGTYIRTNDGRIFAIRSGKISRPAVGGSAGSLIHPLSNGCSSPVD
QQQGSPNGEQRPSSPLNSEILREFSRYAASTSDVTAGMGNELPSPSEMVAVPEGDEGSSQ
NNQTADLSRQLGEDLLSSALEMRGSNGLSFPPVGLNTTSLLGNLGHISHPLLMDGSGGSS
FLQTPGQTLADLQTMFPSAGHLPTPSSSSLSTVFSSPRMFPTSLLSGSGGFPTPNSSSTA
SSFLSHFNNPTSSLLGAALTQPDIHQSTENGGSSSDDDVIEVTGQ",